{"Rth":7.4e-8,"S_duration":50.0,"model":"practical","a1":0.0104,"dr":1.002004008016032,"dt":1.0,"DL":125.0,"inhib_shutoff":0.71,"r_source":30,"mR":0.001,"rho":0.01,"s_init":0.0,"S_on":0.00095,"mL":0.002,"Lth":7.4e-6,"inhib_rate":0.01}