{"F0":3.0e-6,"model":"co-permissive","dr":1.002004008016032,"S_len":200.0,"r_source":30,"dt":1.0,"gammaL":0.0005,"a":0.012,"rho":0.01,"gammaF":0.0005,"DF":1500.0,"S_on":0.1,"DL":50.0,"L0":2.9999999999999997e-5}